{"val_loss": [1.3370408073425293, 1.0456124032974243, 1.1178903205871582, 0.8214701499938964, 0.7568106769561768, 0.8034798199653626, 0.6574405351638793, 0.6639823682785034, 0.612345533657074, 0.8979818315505982, 0.6171160898208619, 0.5852492670059204, 0.631232097530365, 0.5997968874931335, 0.5915232818603515, 0.6371289105415344, 0.5718448022842407, 0.6150798492431641, 0.5519363224029541, 0.5739563772678375, 0.5754251432418823, 0.5441568346977234], "val_acc": [0.5526, 0.6329, 0.6332, 0.7093, 0.7381, 0.7275, 0.7734, 0.7728, 0.7895, 0.6989, 0.7894, 0.8017, 0.7881, 0.7982, 0.7987, 0.7943, 0.815, 0.7993, 0.8223, 0.8136, 0.8187, 0.823], "loss": [1.6523459712982178, 1.1843128343963623, 0.9908810217285157, 0.8794421482086182, 0.7952600900459289, 0.7308363684844971, 0.6862010331726074, 0.6329520272636413, 0.5934834806060791, 0.5529874658584595, 0.5293506727600098, 0.48857388425827025, 0.4616851137828827, 0.4412207850837708, 0.41681672414779664, 0.39220405200004577, 0.3755584477996826, 0.35420500173568725, 0.34588965280532835, 0.3277164949417114, 0.3102720144605637, 0.29739236887931825], "acc": [0.4492, 0.59078, 0.65646, 0.69484, 0.72294, 0.74502, 0.76054, 0.77972, 0.79234, 0.80378, 0.81432, 0.82616, 0.8367, 0.84342, 0.8522, 0.86134, 0.86664, 0.874, 0.87778, 0.88178, 0.8897, 0.89252]}